"MemberID","MonthDate","RandNo"
"6","1/1/2014      ","9"
"7","1/1/2014      ","2"
"8","1/1/2014      ","1"
"9","1/1/2014      ","10"
"10","1/1/2014      ","1"
"11","1/1/2014      ","2"
"12","1/1/2014      ","9"
"14","1/1/2014      ","10"
"15","1/1/2014      ","1"
"16","1/1/2014      ","3"
"17","1/1/2014      ","7"
"18","1/1/2014      ","9"
"19","1/1/2014      ","3"
"21","1/1/2014      ","5"
"22","1/1/2014      ","9"
"23","1/1/2014      ","6"
"24","1/1/2014      ","0"
"25","1/1/2014      ","4"
"27","1/1/2014      ","1"
"28","1/1/2014      ","5"
"29","1/1/2014      ","10"
"31","1/1/2014      ","10"
"33","1/1/2014      ","2"
"34","1/1/2014      ","9"
"35","1/1/2014      ","2"
"36","1/1/2014      ","2"
"37","1/1/2014      ","3"
"38","1/1/2014      ","7"
"40","1/1/2014      ","7"
"41","1/1/2014      ","8"
"42","1/1/2014      ","7"
"43","1/1/2014      ","6"
"44","1/1/2014      ","2"
"45","1/1/2014      ","10"
"46","1/1/2014      ","0"
"49","1/1/2014      ","0"
"50","1/1/2014      ","5"
"52","1/1/2014      ","3"
"53","1/1/2014      ","1"
"55","1/1/2014      ","7"
"58","1/1/2014      ","1"
"59","1/1/2014      ","6"
"60","1/1/2014      ","2"
"61","1/1/2014      ","7"
"64","1/1/2014      ","6"
"65","1/1/2014      ","10"
"66","1/1/2014      ","8"
"67","1/1/2014      ","5"
"68","1/1/2014      ","4"
"71","1/1/2014      ","10"
"72","1/1/2014      ","9"
"73","1/1/2014      ","2"
"74","1/1/2014      ","1"
"76","1/1/2014      ","9"
"77","1/1/2014      ","4"
"78","1/1/2014      ","2"
"79","1/1/2014      ","2"
"80","1/1/2014      ","6"
"81","1/1/2014      ","3"
"82","1/1/2014      ","5"
"83","1/1/2014      ","1"
"84","1/1/2014      ","8"
"85","1/1/2014      ","9"
"86","1/1/2014      ","10"
"87","1/1/2014      ","9"
"88","1/1/2014      ","8"
"90","1/1/2014      ","9"
"92","1/1/2014      ","8"
"93","1/1/2014      ","10"
"94","1/1/2014      ","8"
"95","1/1/2014      ","2"
"96","1/1/2014      ","6"
"97","1/1/2014      ","2"
"98","1/1/2014      ","0"
"100","1/1/2014      ","2"
"6","2/1/2014      ","10"
"7","2/1/2014      ","5"
"8","2/1/2014      ","4"
"9","2/1/2014      ","4"
"10","2/1/2014      ","0"
"11","2/1/2014      ","5"
"12","2/1/2014      ","1"
"13","2/1/2014      ","5"
"16","2/1/2014      ","10"
"18","2/1/2014      ","4"
"19","2/1/2014      ","9"
"20","2/1/2014      ","9"
"21","2/1/2014      ","0"
"22","2/1/2014      ","1"
"24","2/1/2014      ","10"
"25","2/1/2014      ","6"
"26","2/1/2014      ","10"
"27","2/1/2014      ","2"
"29","2/1/2014      ","5"
"30","2/1/2014      ","6"
"31","2/1/2014      ","9"
"32","2/1/2014      ","3"
"33","2/1/2014      ","3"
"35","2/1/2014      ","3"
"36","2/1/2014      ","8"
"38","2/1/2014      ","10"
"39","2/1/2014      ","0"
"40","2/1/2014      ","3"
"41","2/1/2014      ","5"
"42","2/1/2014      ","2"
"43","2/1/2014      ","6"
"44","2/1/2014      ","6"
"45","2/1/2014      ","5"
"46","2/1/2014      ","5"
"47","2/1/2014      ","0"
"49","2/1/2014      ","4"
"50","2/1/2014      ","2"
"51","2/1/2014      ","5"
"52","2/1/2014      ","0"
"53","2/1/2014      ","7"
"54","2/1/2014      ","4"
"55","2/1/2014      ","1"
"56","2/1/2014      ","6"
"58","2/1/2014      ","10"
"59","2/1/2014      ","8"
"60","2/1/2014      ","0"
"61","2/1/2014      ","4"
"62","2/1/2014      ","4"
"63","2/1/2014      ","3"
"64","2/1/2014      ","1"
"65","2/1/2014      ","9"
"68","2/1/2014      ","9"
"69","2/1/2014      ","2"
"70","2/1/2014      ","1"
"71","2/1/2014      ","2"
"73","2/1/2014      ","2"
"74","2/1/2014      ","9"
"75","2/1/2014      ","7"
"76","2/1/2014      ","9"
"77","2/1/2014      ","5"
"79","2/1/2014      ","0"
"81","2/1/2014      ","6"
"82","2/1/2014      ","2"
"84","2/1/2014      ","4"
"85","2/1/2014      ","5"
"86","2/1/2014      ","1"
"87","2/1/2014      ","7"
"89","2/1/2014      ","3"
"91","2/1/2014      ","4"
"94","2/1/2014      ","0"
"96","2/1/2014      ","4"
"97","2/1/2014      ","4"
"98","2/1/2014      ","9"
"99","2/1/2014      ","0"
"100","2/1/2014      ","0"
"7","3/1/2014      ","5"
"8","3/1/2014      ","6"
"9","3/1/2014      ","0"
"10","3/1/2014      ","3"
"11","3/1/2014      ","0"
"12","3/1/2014      ","7"
"14","3/1/2014      ","1"
"16","3/1/2014      ","9"
"17","3/1/2014      ","7"
"18","3/1/2014      ","0"
"19","3/1/2014      ","2"
"20","3/1/2014      ","0"
"22","3/1/2014      ","3"
"23","3/1/2014      ","4"
"24","3/1/2014      ","2"
"25","3/1/2014      ","10"
"26","3/1/2014      ","1"
"27","3/1/2014      ","0"
"28","3/1/2014      ","9"
"29","3/1/2014      ","9"
"30","3/1/2014      ","4"
"31","3/1/2014      ","5"
"32","3/1/2014      ","9"
"33","3/1/2014      ","9"
"34","3/1/2014      ","3"
"35","3/1/2014      ","0"
"36","3/1/2014      ","2"
"39","3/1/2014      ","9"
"40","3/1/2014      ","8"
"41","3/1/2014      ","8"
"43","3/1/2014      ","5"
"44","3/1/2014      ","10"
"45","3/1/2014      ","6"
"47","3/1/2014      ","4"
"49","3/1/2014      ","8"
"51","3/1/2014      ","8"
"52","3/1/2014      ","8"
"53","3/1/2014      ","4"
"54","3/1/2014      ","6"
"55","3/1/2014      ","3"
"56","3/1/2014      ","2"
"57","3/1/2014      ","5"
"59","3/1/2014      ","5"
"61","3/1/2014      ","8"
"62","3/1/2014      ","3"
"63","3/1/2014      ","4"
"64","3/1/2014      ","8"
"65","3/1/2014      ","7"
"66","3/1/2014      ","2"
"67","3/1/2014      ","1"
"69","3/1/2014      ","5"
"71","3/1/2014      ","0"
"72","3/1/2014      ","2"
"73","3/1/2014      ","6"
"74","3/1/2014      ","9"
"75","3/1/2014      ","1"
"76","3/1/2014      ","2"
"78","3/1/2014      ","10"
"81","3/1/2014      ","0"
"85","3/1/2014      ","5"
"87","3/1/2014      ","9"
"88","3/1/2014      ","10"
"89","3/1/2014      ","2"
"90","3/1/2014      ","2"
"91","3/1/2014      ","10"
"93","3/1/2014      ","2"
"94","3/1/2014      ","6"
"96","3/1/2014      ","8"
"98","3/1/2014      ","9"
"99","3/1/2014      ","6"
"100","3/1/2014      ","9"
"7","4/1/2014      ","9"
"9","4/1/2014      ","2"
"10","4/1/2014      ","10"
"12","4/1/2014      ","3"
"13","4/1/2014      ","2"
"14","4/1/2014      ","9"
"15","4/1/2014      ","3"
"16","4/1/2014      ","5"
"17","4/1/2014      ","5"
"20","4/1/2014      ","0"
"21","4/1/2014      ","7"
"23","4/1/2014      ","7"
"24","4/1/2014      ","1"
"26","4/1/2014      ","5"
"27","4/1/2014      ","6"
"29","4/1/2014      ","5"
"31","4/1/2014      ","4"
"32","4/1/2014      ","8"
"33","4/1/2014      ","6"
"34","4/1/2014      ","4"
"35","4/1/2014      ","10"
"36","4/1/2014      ","10"
"37","4/1/2014      ","0"
"39","4/1/2014      ","5"
"40","4/1/2014      ","1"
"42","4/1/2014      ","5"
"43","4/1/2014      ","5"
"44","4/1/2014      ","10"
"45","4/1/2014      ","1"
"46","4/1/2014      ","9"
"47","4/1/2014      ","7"
"48","4/1/2014      ","2"
"49","4/1/2014      ","2"
"50","4/1/2014      ","1"
"51","4/1/2014      ","8"
"52","4/1/2014      ","8"
"53","4/1/2014      ","0"
"54","4/1/2014      ","7"
"55","4/1/2014      ","7"
"56","4/1/2014      ","0"
"57","4/1/2014      ","2"
"59","4/1/2014      ","1"
"60","4/1/2014      ","9"
"61","4/1/2014      ","8"
"62","4/1/2014      ","4"
"63","4/1/2014      ","2"
"66","4/1/2014      ","1"
"67","4/1/2014      ","8"
"68","4/1/2014      ","1"
"69","4/1/2014      ","1"
"70","4/1/2014      ","0"
"74","4/1/2014      ","6"
"75","4/1/2014      ","1"
"78","4/1/2014      ","9"
"79","4/1/2014      ","5"
"80","4/1/2014      ","4"
"81","4/1/2014      ","7"
"82","4/1/2014      ","3"
"83","4/1/2014      ","10"
"84","4/1/2014      ","8"
"87","4/1/2014      ","10"
"89","4/1/2014      ","3"
"90","4/1/2014      ","5"
"91","4/1/2014      ","2"
"95","4/1/2014      ","5"
"97","4/1/2014      ","7"
"100","4/1/2014      ","4"
"6","5/1/2014      ","4"
"7","5/1/2014      ","8"
"8","5/1/2014      ","8"
"9","5/1/2014      ","1"
"10","5/1/2014      ","8"
"11","5/1/2014      ","9"
"12","5/1/2014      ","9"
"13","5/1/2014      ","8"
"14","5/1/2014      ","8"
"15","5/1/2014      ","9"
"16","5/1/2014      ","5"
"17","5/1/2014      ","5"
"18","5/1/2014      ","2"
"20","5/1/2014      ","3"
"21","5/1/2014      ","0"
"22","5/1/2014      ","0"
"23","5/1/2014      ","9"
"24","5/1/2014      ","6"
"27","5/1/2014      ","2"
"29","5/1/2014      ","5"
"30","5/1/2014      ","10"
"31","5/1/2014      ","6"
"32","5/1/2014      ","9"
"33","5/1/2014      ","1"
"34","5/1/2014      ","7"
"35","5/1/2014      ","4"
"37","5/1/2014      ","8"
"38","5/1/2014      ","3"
"40","5/1/2014      ","8"
"41","5/1/2014      ","2"
"42","5/1/2014      ","9"
"43","5/1/2014      ","8"
"44","5/1/2014      ","10"
"45","5/1/2014      ","9"
"46","5/1/2014      ","10"
"48","5/1/2014      ","10"
"50","5/1/2014      ","5"
"51","5/1/2014      ","7"
"52","5/1/2014      ","8"
"53","5/1/2014      ","4"
"54","5/1/2014      ","9"
"55","5/1/2014      ","0"
"56","5/1/2014      ","4"
"57","5/1/2014      ","10"
"59","5/1/2014      ","10"
"61","5/1/2014      ","8"
"62","5/1/2014      ","3"
"63","5/1/2014      ","10"
"65","5/1/2014      ","4"
"66","5/1/2014      ","6"
"69","5/1/2014      ","2"
"70","5/1/2014      ","3"
"71","5/1/2014      ","7"
"72","5/1/2014      ","0"
"73","5/1/2014      ","7"
"74","5/1/2014      ","6"
"76","5/1/2014      ","8"
"77","5/1/2014      ","7"
"78","5/1/2014      ","10"
"79","5/1/2014      ","8"
"80","5/1/2014      ","9"
"81","5/1/2014      ","2"
"83","5/1/2014      ","0"
"84","5/1/2014      ","3"
"86","5/1/2014      ","5"
"87","5/1/2014      ","0"
"89","5/1/2014      ","7"
"90","5/1/2014      ","0"
"91","5/1/2014      ","8"
"92","5/1/2014      ","2"
"94","5/1/2014      ","3"
"97","5/1/2014      ","8"
"98","5/1/2014      ","3"
"99","5/1/2014      ","10"
"6","6/1/2014      ","2"
"8","6/1/2014      ","1"
"9","6/1/2014      ","0"
"10","6/1/2014      ","10"
"11","6/1/2014      ","5"
"13","6/1/2014      ","0"
"16","6/1/2014      ","7"
"17","6/1/2014      ","4"
"18","6/1/2014      ","6"
"19","6/1/2014      ","8"
"20","6/1/2014      ","3"
"21","6/1/2014      ","1"
"23","6/1/2014      ","8"
"25","6/1/2014      ","10"
"26","6/1/2014      ","1"
"27","6/1/2014      ","0"
"28","6/1/2014      ","6"
"29","6/1/2014      ","4"
"30","6/1/2014      ","1"
"31","6/1/2014      ","10"
"32","6/1/2014      ","10"
"33","6/1/2014      ","5"
"34","6/1/2014      ","10"
"35","6/1/2014      ","0"
"36","6/1/2014      ","6"
"38","6/1/2014      ","10"
"39","6/1/2014      ","5"
"40","6/1/2014      ","9"
"41","6/1/2014      ","5"
"43","6/1/2014      ","1"
"44","6/1/2014      ","6"
"45","6/1/2014      ","6"
"46","6/1/2014      ","3"
"47","6/1/2014      ","9"
"48","6/1/2014      ","7"
"51","6/1/2014      ","4"
"54","6/1/2014      ","0"
"56","6/1/2014      ","9"
"58","6/1/2014      ","4"
"59","6/1/2014      ","6"
"60","6/1/2014      ","7"
"61","6/1/2014      ","2"
"62","6/1/2014      ","10"
"64","6/1/2014      ","4"
"65","6/1/2014      ","2"
"66","6/1/2014      ","9"
"69","6/1/2014      ","4"
"70","6/1/2014      ","10"
"71","6/1/2014      ","0"
"72","6/1/2014      ","10"
"73","6/1/2014      ","4"
"75","6/1/2014      ","8"
"76","6/1/2014      ","9"
"77","6/1/2014      ","8"
"78","6/1/2014      ","2"
"79","6/1/2014      ","6"
"80","6/1/2014      ","6"
"83","6/1/2014      ","3"
"84","6/1/2014      ","2"
"87","6/1/2014      ","3"
"88","6/1/2014      ","1"
"89","6/1/2014      ","2"
"90","6/1/2014      ","10"
"91","6/1/2014      ","1"
"92","6/1/2014      ","0"
"93","6/1/2014      ","10"
"94","6/1/2014      ","10"
"95","6/1/2014      ","3"
"96","6/1/2014      ","1"
"97","6/1/2014      ","6"
"98","6/1/2014      ","8"
"99","6/1/2014      ","8"
"100","6/1/2014      ","3"
"7","7/1/2014      ","3"
"8","7/1/2014      ","9"
"9","7/1/2014      ","5"
"10","7/1/2014      ","8"
"11","7/1/2014      ","0"
"13","7/1/2014      ","10"
"14","7/1/2014      ","8"
"16","7/1/2014      ","2"
"17","7/1/2014      ","2"
"18","7/1/2014      ","2"
"19","7/1/2014      ","10"
"20","7/1/2014      ","0"
"23","7/1/2014      ","7"
"24","7/1/2014      ","4"
"25","7/1/2014      ","8"
"27","7/1/2014      ","4"
"30","7/1/2014      ","5"
"31","7/1/2014      ","1"
"34","7/1/2014      ","3"
"37","7/1/2014      ","8"
"38","7/1/2014      ","0"
"40","7/1/2014      ","10"
"42","7/1/2014      ","0"
"43","7/1/2014      ","7"
"45","7/1/2014      ","9"
"47","7/1/2014      ","2"
"48","7/1/2014      ","9"
"49","7/1/2014      ","3"
"50","7/1/2014      ","6"
"51","7/1/2014      ","8"
"52","7/1/2014      ","0"
"53","7/1/2014      ","0"
"54","7/1/2014      ","10"
"55","7/1/2014      ","7"
"56","7/1/2014      ","7"
"58","7/1/2014      ","10"
"59","7/1/2014      ","2"
"60","7/1/2014      ","1"
"63","7/1/2014      ","9"
"64","7/1/2014      ","10"
"65","7/1/2014      ","4"
"67","7/1/2014      ","1"
"68","7/1/2014      ","1"
"70","7/1/2014      ","1"
"71","7/1/2014      ","9"
"72","7/1/2014      ","6"
"73","7/1/2014      ","10"
"74","7/1/2014      ","9"
"76","7/1/2014      ","2"
"77","7/1/2014      ","0"
"78","7/1/2014      ","0"
"79","7/1/2014      ","7"
"80","7/1/2014      ","3"
"81","7/1/2014      ","8"
"82","7/1/2014      ","9"
"83","7/1/2014      ","4"
"84","7/1/2014      ","2"
"86","7/1/2014      ","9"
"87","7/1/2014      ","6"
"88","7/1/2014      ","3"
"89","7/1/2014      ","9"
"91","7/1/2014      ","7"
"92","7/1/2014      ","0"
"93","7/1/2014      ","0"
"94","7/1/2014      ","1"
"96","7/1/2014      ","10"
"97","7/1/2014      ","10"
"98","7/1/2014      ","4"
"99","7/1/2014      ","3"
"100","7/1/2014      ","10"
"6","8/1/2014      ","3"
"7","8/1/2014      ","6"
"8","8/1/2014      ","1"
"9","8/1/2014      ","2"
"10","8/1/2014      ","10"
"11","8/1/2014      ","10"
"12","8/1/2014      ","7"
"13","8/1/2014      ","7"
"14","8/1/2014      ","5"
"15","8/1/2014      ","3"
"16","8/1/2014      ","10"
"19","8/1/2014      ","6"
"20","8/1/2014      ","0"
"21","8/1/2014      ","1"
"23","8/1/2014      ","6"
"24","8/1/2014      ","7"
"25","8/1/2014      ","8"
"26","8/1/2014      ","2"
"27","8/1/2014      ","8"
"29","8/1/2014      ","3"
"30","8/1/2014      ","9"
"31","8/1/2014      ","5"
"32","8/1/2014      ","0"
"33","8/1/2014      ","5"
"34","8/1/2014      ","4"
"37","8/1/2014      ","7"
"39","8/1/2014      ","2"
"40","8/1/2014      ","7"
"42","8/1/2014      ","0"
"43","8/1/2014      ","1"
"44","8/1/2014      ","8"
"45","8/1/2014      ","10"
"46","8/1/2014      ","9"
"47","8/1/2014      ","1"
"48","8/1/2014      ","8"
"49","8/1/2014      ","4"
"50","8/1/2014      ","2"
"51","8/1/2014      ","3"
"53","8/1/2014      ","5"
"55","8/1/2014      ","9"
"56","8/1/2014      ","2"
"58","8/1/2014      ","7"
"59","8/1/2014      ","0"
"60","8/1/2014      ","2"
"61","8/1/2014      ","6"
"62","8/1/2014      ","2"
"64","8/1/2014      ","3"
"65","8/1/2014      ","8"
"66","8/1/2014      ","5"
"67","8/1/2014      ","0"
"68","8/1/2014      ","5"
"69","8/1/2014      ","1"
"72","8/1/2014      ","7"
"74","8/1/2014      ","1"
"75","8/1/2014      ","6"
"76","8/1/2014      ","4"
"78","8/1/2014      ","6"
"79","8/1/2014      ","2"
"80","8/1/2014      ","8"
"81","8/1/2014      ","4"
"82","8/1/2014      ","8"
"83","8/1/2014      ","1"
"84","8/1/2014      ","7"
"85","8/1/2014      ","4"
"86","8/1/2014      ","3"
"87","8/1/2014      ","5"
"89","8/1/2014      ","1"
"90","8/1/2014      ","3"
"91","8/1/2014      ","10"
"94","8/1/2014      ","8"
"95","8/1/2014      ","8"
"96","8/1/2014      ","2"
"97","8/1/2014      ","0"
"98","8/1/2014      ","6"
"99","8/1/2014      ","4"
"100","8/1/2014      ","5"
"7","9/1/2014      ","5"
"8","9/1/2014      ","4"
"9","9/1/2014      ","4"
"10","9/1/2014      ","2"
"11","9/1/2014      ","3"
"12","9/1/2014      ","2"
"13","9/1/2014      ","9"
"14","9/1/2014      ","7"
"15","9/1/2014      ","2"
"17","9/1/2014      ","9"
"18","9/1/2014      ","7"
"19","9/1/2014      ","0"
"20","9/1/2014      ","8"
"21","9/1/2014      ","2"
"22","9/1/2014      ","4"
"23","9/1/2014      ","10"
"24","9/1/2014      ","8"
"25","9/1/2014      ","4"
"26","9/1/2014      ","8"
"27","9/1/2014      ","7"
"28","9/1/2014      ","1"
"29","9/1/2014      ","3"
"30","9/1/2014      ","6"
"31","9/1/2014      ","4"
"34","9/1/2014      ","0"
"35","9/1/2014      ","8"
"36","9/1/2014      ","3"
"37","9/1/2014      ","0"
"38","9/1/2014      ","5"
"39","9/1/2014      ","2"
"40","9/1/2014      ","10"
"41","9/1/2014      ","6"
"42","9/1/2014      ","3"
"43","9/1/2014      ","8"
"45","9/1/2014      ","6"
"46","9/1/2014      ","3"
"47","9/1/2014      ","1"
"48","9/1/2014      ","9"
"49","9/1/2014      ","1"
"50","9/1/2014      ","2"
"51","9/1/2014      ","10"
"52","9/1/2014      ","6"
"53","9/1/2014      ","7"
"54","9/1/2014      ","10"
"55","9/1/2014      ","2"
"56","9/1/2014      ","7"
"57","9/1/2014      ","10"
"58","9/1/2014      ","5"
"59","9/1/2014      ","10"
"60","9/1/2014      ","6"
"61","9/1/2014      ","1"
"62","9/1/2014      ","0"
"63","9/1/2014      ","2"
"64","9/1/2014      ","1"
"66","9/1/2014      ","6"
"68","9/1/2014      ","9"
"71","9/1/2014      ","9"
"72","9/1/2014      ","5"
"73","9/1/2014      ","6"
"74","9/1/2014      ","0"
"75","9/1/2014      ","6"
"76","9/1/2014      ","3"
"77","9/1/2014      ","3"
"79","9/1/2014      ","2"
"81","9/1/2014      ","4"
"82","9/1/2014      ","1"
"84","9/1/2014      ","8"
"85","9/1/2014      ","9"
"87","9/1/2014      ","4"
"88","9/1/2014      ","6"
"89","9/1/2014      ","9"
"90","9/1/2014      ","8"
"91","9/1/2014      ","2"
"92","9/1/2014      ","4"
"93","9/1/2014      ","4"
"94","9/1/2014      ","4"
"95","9/1/2014      ","0"
"96","9/1/2014      ","10"
"97","9/1/2014      ","3"
"98","9/1/2014      ","9"
"100","9/1/2014      ","3"
"6","10/1/2014      ","9"
"7","10/1/2014      ","9"
"8","10/1/2014      ","1"
"9","10/1/2014      ","4"
"11","10/1/2014      ","2"
"13","10/1/2014      ","1"
"16","10/1/2014      ","0"
"17","10/1/2014      ","2"
"18","10/1/2014      ","6"
"19","10/1/2014      ","6"
"20","10/1/2014      ","2"
"21","10/1/2014      ","5"
"22","10/1/2014      ","0"
"23","10/1/2014      ","10"
"25","10/1/2014      ","10"
"26","10/1/2014      ","9"
"28","10/1/2014      ","8"
"29","10/1/2014      ","4"
"32","10/1/2014      ","5"
"33","10/1/2014      ","10"
"34","10/1/2014      ","3"
"36","10/1/2014      ","7"
"37","10/1/2014      ","3"
"38","10/1/2014      ","4"
"39","10/1/2014      ","3"
"40","10/1/2014      ","1"
"41","10/1/2014      ","6"
"44","10/1/2014      ","1"
"45","10/1/2014      ","0"
"46","10/1/2014      ","3"
"47","10/1/2014      ","10"
"48","10/1/2014      ","2"
"49","10/1/2014      ","8"
"50","10/1/2014      ","9"
"51","10/1/2014      ","3"
"52","10/1/2014      ","9"
"53","10/1/2014      ","4"
"54","10/1/2014      ","0"
"56","10/1/2014      ","3"
"57","10/1/2014      ","4"
"58","10/1/2014      ","8"
"59","10/1/2014      ","3"
"65","10/1/2014      ","7"
"67","10/1/2014      ","5"
"68","10/1/2014      ","0"
"69","10/1/2014      ","9"
"70","10/1/2014      ","2"
"71","10/1/2014      ","3"
"73","10/1/2014      ","3"
"75","10/1/2014      ","5"
"76","10/1/2014      ","7"
"77","10/1/2014      ","3"
"78","10/1/2014      ","4"
"79","10/1/2014      ","10"
"80","10/1/2014      ","8"
"81","10/1/2014      ","9"
"82","10/1/2014      ","0"
"83","10/1/2014      ","3"
"84","10/1/2014      ","0"
"87","10/1/2014      ","10"
"88","10/1/2014      ","1"
"89","10/1/2014      ","10"
"90","10/1/2014      ","2"
"92","10/1/2014      ","0"
"94","10/1/2014      ","8"
"95","10/1/2014      ","2"
"96","10/1/2014      ","5"
"97","10/1/2014      ","1"
"98","10/1/2014      ","4"
"99","10/1/2014      ","7"
"6","11/1/2014      ","2"
"7","11/1/2014      ","4"
"8","11/1/2014      ","9"
"9","11/1/2014      ","10"
"10","11/1/2014      ","2"
"11","11/1/2014      ","0"
"12","11/1/2014      ","7"
"13","11/1/2014      ","8"
"14","11/1/2014      ","3"
"15","11/1/2014      ","0"
"16","11/1/2014      ","1"
"17","11/1/2014      ","1"
"19","11/1/2014      ","10"
"20","11/1/2014      ","6"
"21","11/1/2014      ","8"
"22","11/1/2014      ","0"
"23","11/1/2014      ","1"
"24","11/1/2014      ","5"
"25","11/1/2014      ","5"
"26","11/1/2014      ","3"
"27","11/1/2014      ","8"
"28","11/1/2014      ","1"
"29","11/1/2014      ","7"
"31","11/1/2014      ","8"
"32","11/1/2014      ","8"
"36","11/1/2014      ","9"
"37","11/1/2014      ","5"
"38","11/1/2014      ","2"
"39","11/1/2014      ","0"
"40","11/1/2014      ","10"
"41","11/1/2014      ","9"
"42","11/1/2014      ","8"
"44","11/1/2014      ","9"
"46","11/1/2014      ","8"
"48","11/1/2014      ","2"
"49","11/1/2014      ","0"
"51","11/1/2014      ","3"
"52","11/1/2014      ","10"
"53","11/1/2014      ","2"
"55","11/1/2014      ","2"
"56","11/1/2014      ","8"
"57","11/1/2014      ","0"
"59","11/1/2014      ","10"
"61","11/1/2014      ","6"
"62","11/1/2014      ","9"
"63","11/1/2014      ","6"
"64","11/1/2014      ","1"
"66","11/1/2014      ","2"
"67","11/1/2014      ","7"
"68","11/1/2014      ","0"
"69","11/1/2014      ","9"
"70","11/1/2014      ","7"
"71","11/1/2014      ","6"
"72","11/1/2014      ","7"
"73","11/1/2014      ","5"
"75","11/1/2014      ","0"
"76","11/1/2014      ","6"
"78","11/1/2014      ","8"
"79","11/1/2014      ","4"
"81","11/1/2014      ","3"
"84","11/1/2014      ","0"
"85","11/1/2014      ","1"
"86","11/1/2014      ","0"
"87","11/1/2014      ","9"
"89","11/1/2014      ","6"
"91","11/1/2014      ","6"
"92","11/1/2014      ","5"
"93","11/1/2014      ","6"
"95","11/1/2014      ","8"
"96","11/1/2014      ","10"
"97","11/1/2014      ","4"
"98","11/1/2014      ","8"
"99","11/1/2014      ","5"
"100","11/1/2014      ","4"
"6","12/1/2014      ","1"
"7","12/1/2014      ","2"
"8","12/1/2014      ","5"
"10","12/1/2014      ","8"
"13","12/1/2014      ","1"
"14","12/1/2014      ","2"
"15","12/1/2014      ","4"
"16","12/1/2014      ","6"
"18","12/1/2014      ","3"
"20","12/1/2014      ","7"
"21","12/1/2014      ","2"
"23","12/1/2014      ","5"
"24","12/1/2014      ","7"
"25","12/1/2014      ","6"
"26","12/1/2014      ","8"
"27","12/1/2014      ","3"
"29","12/1/2014      ","5"
"34","12/1/2014      ","3"
"35","12/1/2014      ","6"
"36","12/1/2014      ","1"
"37","12/1/2014      ","0"
"38","12/1/2014      ","2"
"39","12/1/2014      ","6"
"40","12/1/2014      ","1"
"41","12/1/2014      ","3"
"42","12/1/2014      ","2"
"43","12/1/2014      ","4"
"44","12/1/2014      ","2"
"45","12/1/2014      ","7"
"46","12/1/2014      ","8"
"47","12/1/2014      ","9"
"50","12/1/2014      ","2"
"51","12/1/2014      ","4"
"53","12/1/2014      ","1"
"55","12/1/2014      ","0"
"56","12/1/2014      ","0"
"60","12/1/2014      ","3"
"61","12/1/2014      ","10"
"62","12/1/2014      ","10"
"63","12/1/2014      ","8"
"64","12/1/2014      ","5"
"65","12/1/2014      ","8"
"66","12/1/2014      ","6"
"67","12/1/2014      ","7"
"68","12/1/2014      ","5"
"69","12/1/2014      ","0"
"70","12/1/2014      ","0"
"71","12/1/2014      ","3"
"72","12/1/2014      ","5"
"73","12/1/2014      ","4"
"74","12/1/2014      ","8"
"75","12/1/2014      ","0"
"76","12/1/2014      ","5"
"77","12/1/2014      ","4"
"78","12/1/2014      ","9"
"79","12/1/2014      ","9"
"81","12/1/2014      ","8"
"82","12/1/2014      ","8"
"83","12/1/2014      ","1"
"84","12/1/2014      ","2"
"85","12/1/2014      ","6"
"86","12/1/2014      ","1"
"88","12/1/2014      ","2"
"89","12/1/2014      ","7"
"90","12/1/2014      ","8"
"93","12/1/2014      ","10"
"94","12/1/2014      ","1"
"97","12/1/2014      ","4"
"98","12/1/2014      ","2"
"100","12/1/2014      ","10"
"8","1/1/2015      ","8"
"9","1/1/2015      ","2"
"10","1/1/2015      ","6"
"11","1/1/2015      ","3"
"12","1/1/2015      ","3"
"13","1/1/2015      ","3"
"14","1/1/2015      ","8"
"15","1/1/2015      ","2"
"16","1/1/2015      ","1"
"17","1/1/2015      ","1"
"18","1/1/2015      ","4"
"19","1/1/2015      ","4"
"20","1/1/2015      ","3"
"21","1/1/2015      ","0"
"23","1/1/2015      ","8"
"24","1/1/2015      ","8"
"27","1/1/2015      ","3"
"28","1/1/2015      ","5"
"29","1/1/2015      ","4"
"30","1/1/2015      ","1"
"31","1/1/2015      ","10"
"32","1/1/2015      ","8"
"33","1/1/2015      ","6"
"34","1/1/2015      ","10"
"35","1/1/2015      ","4"
"36","1/1/2015      ","0"
"37","1/1/2015      ","9"
"38","1/1/2015      ","4"
"39","1/1/2015      ","9"
"40","1/1/2015      ","5"
"41","1/1/2015      ","7"
"42","1/1/2015      ","8"
"43","1/1/2015      ","3"
"44","1/1/2015      ","10"
"45","1/1/2015      ","2"
"46","1/1/2015      ","5"
"48","1/1/2015      ","9"
"49","1/1/2015      ","7"
"50","1/1/2015      ","1"
"51","1/1/2015      ","9"
"52","1/1/2015      ","3"
"53","1/1/2015      ","8"
"54","1/1/2015      ","2"
"55","1/1/2015      ","9"
"57","1/1/2015      ","9"
"59","1/1/2015      ","10"
"60","1/1/2015      ","1"
"61","1/1/2015      ","5"
"62","1/1/2015      ","4"
"63","1/1/2015      ","8"
"64","1/1/2015      ","0"
"65","1/1/2015      ","3"
"66","1/1/2015      ","3"
"67","1/1/2015      ","9"
"68","1/1/2015      ","0"
"69","1/1/2015      ","6"
"70","1/1/2015      ","0"
"71","1/1/2015      ","4"
"72","1/1/2015      ","1"
"73","1/1/2015      ","0"
"74","1/1/2015      ","3"
"75","1/1/2015      ","4"
"76","1/1/2015      ","10"
"77","1/1/2015      ","4"
"78","1/1/2015      ","1"
"79","1/1/2015      ","5"
"80","1/1/2015      ","1"
"81","1/1/2015      ","0"
"82","1/1/2015      ","2"
"83","1/1/2015      ","5"
"84","1/1/2015      ","8"
"85","1/1/2015      ","0"
"86","1/1/2015      ","4"
"87","1/1/2015      ","3"
"88","1/1/2015      ","0"
"89","1/1/2015      ","8"
"90","1/1/2015      ","1"
"91","1/1/2015      ","3"
"93","1/1/2015      ","10"
"94","1/1/2015      ","1"
"95","1/1/2015      ","7"
"96","1/1/2015      ","2"
"97","1/1/2015      ","5"
"98","1/1/2015      ","6"
"99","1/1/2015      ","2"
"100","1/1/2015      ","4"
"6","2/1/2015      ","3"
"7","2/1/2015      ","2"
"9","2/1/2015      ","6"
"10","2/1/2015      ","1"
"11","2/1/2015      ","7"
"12","2/1/2015      ","0"
"13","2/1/2015      ","0"
"14","2/1/2015      ","4"
"15","2/1/2015      ","1"
"16","2/1/2015      ","1"
"17","2/1/2015      ","0"
"18","2/1/2015      ","2"
"19","2/1/2015      ","0"
"20","2/1/2015      ","1"
"21","2/1/2015      ","3"
"22","2/1/2015      ","5"
"23","2/1/2015      ","1"
"24","2/1/2015      ","8"
"26","2/1/2015      ","5"
"28","2/1/2015      ","8"
"30","2/1/2015      ","10"
"31","2/1/2015      ","8"
"32","2/1/2015      ","8"
"33","2/1/2015      ","0"
"35","2/1/2015      ","7"
"37","2/1/2015      ","8"
"38","2/1/2015      ","2"
"39","2/1/2015      ","7"
"40","2/1/2015      ","8"
"41","2/1/2015      ","6"
"42","2/1/2015      ","4"
"43","2/1/2015      ","5"
"44","2/1/2015      ","8"
"45","2/1/2015      ","1"
"46","2/1/2015      ","2"
"47","2/1/2015      ","1"
"48","2/1/2015      ","10"
"49","2/1/2015      ","7"
"51","2/1/2015      ","10"
"52","2/1/2015      ","0"
"53","2/1/2015      ","2"
"55","2/1/2015      ","4"
"57","2/1/2015      ","3"
"58","2/1/2015      ","8"
"60","2/1/2015      ","1"
"61","2/1/2015      ","10"
"62","2/1/2015      ","8"
"65","2/1/2015      ","8"
"66","2/1/2015      ","6"
"67","2/1/2015      ","8"
"68","2/1/2015      ","3"
"69","2/1/2015      ","3"
"70","2/1/2015      ","9"
"71","2/1/2015      ","6"
"72","2/1/2015      ","4"
"73","2/1/2015      ","7"
"76","2/1/2015      ","3"
"77","2/1/2015      ","3"
"78","2/1/2015      ","6"
"79","2/1/2015      ","8"
"80","2/1/2015      ","0"
"82","2/1/2015      ","4"
"85","2/1/2015      ","5"
"86","2/1/2015      ","7"
"87","2/1/2015      ","2"
"89","2/1/2015      ","8"
"90","2/1/2015      ","10"
"91","2/1/2015      ","8"
"92","2/1/2015      ","4"
"93","2/1/2015      ","3"
"94","2/1/2015      ","6"
"96","2/1/2015      ","9"
"97","2/1/2015      ","2"
"98","2/1/2015      ","6"
"99","2/1/2015      ","6"
"6","3/1/2015      ","1"
"7","3/1/2015      ","9"
"8","3/1/2015      ","0"
"9","3/1/2015      ","4"
"10","3/1/2015      ","6"
"11","3/1/2015      ","10"
"12","3/1/2015      ","0"
"13","3/1/2015      ","8"
"15","3/1/2015      ","2"
"17","3/1/2015      ","10"
"18","3/1/2015      ","7"
"19","3/1/2015      ","7"
"20","3/1/2015      ","5"
"21","3/1/2015      ","1"
"22","3/1/2015      ","0"
"23","3/1/2015      ","4"
"25","3/1/2015      ","1"
"26","3/1/2015      ","7"
"27","3/1/2015      ","3"
"28","3/1/2015      ","9"
"29","3/1/2015      ","10"
"30","3/1/2015      ","6"
"31","3/1/2015      ","10"
"32","3/1/2015      ","5"
"33","3/1/2015      ","7"
"35","3/1/2015      ","9"
"36","3/1/2015      ","2"
"37","3/1/2015      ","4"
"39","3/1/2015      ","7"
"40","3/1/2015      ","7"
"41","3/1/2015      ","8"
"42","3/1/2015      ","3"
"43","3/1/2015      ","10"
"44","3/1/2015      ","3"
"45","3/1/2015      ","6"
"46","3/1/2015      ","7"
"47","3/1/2015      ","10"
"48","3/1/2015      ","6"
"49","3/1/2015      ","1"
"50","3/1/2015      ","3"
"51","3/1/2015      ","10"
"55","3/1/2015      ","1"
"56","3/1/2015      ","9"
"57","3/1/2015      ","3"
"58","3/1/2015      ","2"
"59","3/1/2015      ","1"
"60","3/1/2015      ","2"
"62","3/1/2015      ","7"
"63","3/1/2015      ","3"
"66","3/1/2015      ","10"
"67","3/1/2015      ","7"
"69","3/1/2015      ","3"
"71","3/1/2015      ","9"
"72","3/1/2015      ","6"
"73","3/1/2015      ","0"
"75","3/1/2015      ","9"
"76","3/1/2015      ","8"
"77","3/1/2015      ","7"
"78","3/1/2015      ","3"
"79","3/1/2015      ","1"
"81","3/1/2015      ","10"
"82","3/1/2015      ","9"
"83","3/1/2015      ","8"
"84","3/1/2015      ","9"
"88","3/1/2015      ","6"
"89","3/1/2015      ","8"
"91","3/1/2015      ","6"
"92","3/1/2015      ","7"
"93","3/1/2015      ","7"
"94","3/1/2015      ","1"
"95","3/1/2015      ","10"
"96","3/1/2015      ","10"
"97","3/1/2015      ","8"
"98","3/1/2015      ","5"
"99","3/1/2015      ","10"
"100","3/1/2015      ","1"
"7","4/1/2015      ","3"
"8","4/1/2015      ","8"
"9","4/1/2015      ","8"
"10","4/1/2015      ","1"
"11","4/1/2015      ","1"
"12","4/1/2015      ","0"
"13","4/1/2015      ","4"
"14","4/1/2015      ","7"
"15","4/1/2015      ","7"
"16","4/1/2015      ","2"
"17","4/1/2015      ","2"
"20","4/1/2015      ","4"
"22","4/1/2015      ","7"
"23","4/1/2015      ","0"
"24","4/1/2015      ","4"
"25","4/1/2015      ","1"
"26","4/1/2015      ","0"
"27","4/1/2015      ","7"
"28","4/1/2015      ","4"
"29","4/1/2015      ","5"
"31","4/1/2015      ","5"
"32","4/1/2015      ","0"
"33","4/1/2015      ","7"
"34","4/1/2015      ","7"
"36","4/1/2015      ","9"
"37","4/1/2015      ","0"
"38","4/1/2015      ","2"
"39","4/1/2015      ","10"
"42","4/1/2015      ","2"
"43","4/1/2015      ","9"
"44","4/1/2015      ","0"
"46","4/1/2015      ","3"
"47","4/1/2015      ","0"
"48","4/1/2015      ","10"
"50","4/1/2015      ","6"
"51","4/1/2015      ","10"
"52","4/1/2015      ","4"
"53","4/1/2015      ","6"
"54","4/1/2015      ","4"
"55","4/1/2015      ","0"
"56","4/1/2015      ","6"
"57","4/1/2015      ","8"
"58","4/1/2015      ","10"
"60","4/1/2015      ","8"
"61","4/1/2015      ","1"
"63","4/1/2015      ","1"
"64","4/1/2015      ","5"
"66","4/1/2015      ","2"
"67","4/1/2015      ","3"
"68","4/1/2015      ","7"
"71","4/1/2015      ","9"
"72","4/1/2015      ","8"
"73","4/1/2015      ","7"
"74","4/1/2015      ","3"
"75","4/1/2015      ","6"
"78","4/1/2015      ","0"
"80","4/1/2015      ","5"
"83","4/1/2015      ","7"
"84","4/1/2015      ","4"
"86","4/1/2015      ","9"
"87","4/1/2015      ","8"
"88","4/1/2015      ","5"
"89","4/1/2015      ","6"
"90","4/1/2015      ","1"
"93","4/1/2015      ","2"
"96","4/1/2015      ","6"
"97","4/1/2015      ","4"
"98","4/1/2015      ","0"
"99","4/1/2015      ","9"
"100","4/1/2015      ","7"
"6","5/1/2015      ","7"
"7","5/1/2015      ","4"
"8","5/1/2015      ","9"
"9","5/1/2015      ","5"
"10","5/1/2015      ","9"
"11","5/1/2015      ","6"
"12","5/1/2015      ","1"
"13","5/1/2015      ","7"
"14","5/1/2015      ","6"
"15","5/1/2015      ","4"
"16","5/1/2015      ","9"
"17","5/1/2015      ","7"
"19","5/1/2015      ","9"
"22","5/1/2015      ","9"
"23","5/1/2015      ","4"
"26","5/1/2015      ","2"
"27","5/1/2015      ","1"
"28","5/1/2015      ","7"
"29","5/1/2015      ","2"
"30","5/1/2015      ","5"
"32","5/1/2015      ","4"
"34","5/1/2015      ","5"
"35","5/1/2015      ","4"
"36","5/1/2015      ","8"
"37","5/1/2015      ","10"
"39","5/1/2015      ","10"
"43","5/1/2015      ","8"
"44","5/1/2015      ","0"
"45","5/1/2015      ","3"
"47","5/1/2015      ","6"
"50","5/1/2015      ","4"
"52","5/1/2015      ","10"
"53","5/1/2015      ","9"
"54","5/1/2015      ","7"
"55","5/1/2015      ","1"
"56","5/1/2015      ","8"
"57","5/1/2015      ","6"
"59","5/1/2015      ","6"
"60","5/1/2015      ","2"
"61","5/1/2015      ","3"
"62","5/1/2015      ","6"
"65","5/1/2015      ","3"
"67","5/1/2015      ","0"
"68","5/1/2015      ","7"
"69","5/1/2015      ","0"
"71","5/1/2015      ","3"
"72","5/1/2015      ","10"
"73","5/1/2015      ","1"
"74","5/1/2015      ","2"
"75","5/1/2015      ","0"
"76","5/1/2015      ","10"
"77","5/1/2015      ","6"
"78","5/1/2015      ","1"
"79","5/1/2015      ","6"
"80","5/1/2015      ","9"
"81","5/1/2015      ","9"
"82","5/1/2015      ","4"
"83","5/1/2015      ","6"
"84","5/1/2015      ","3"
"85","5/1/2015      ","5"
"86","5/1/2015      ","4"
"87","5/1/2015      ","9"
"89","5/1/2015      ","4"
"90","5/1/2015      ","0"
"91","5/1/2015      ","10"
"93","5/1/2015      ","7"
"94","5/1/2015      ","7"
"95","5/1/2015      ","8"
"96","5/1/2015      ","3"
"97","5/1/2015      ","3"
"98","5/1/2015      ","6"
"100","5/1/2015      ","7"
"6","6/1/2015      ","2"
"8","6/1/2015      ","1"
"9","6/1/2015      ","1"
"10","6/1/2015      ","3"
"11","6/1/2015      ","4"
"12","6/1/2015      ","8"
"13","6/1/2015      ","4"
"14","6/1/2015      ","5"
"15","6/1/2015      ","5"
"16","6/1/2015      ","9"
"18","6/1/2015      ","3"
"19","6/1/2015      ","1"
"20","6/1/2015      ","10"
"21","6/1/2015      ","4"
"22","6/1/2015      ","7"
"23","6/1/2015      ","6"
"24","6/1/2015      ","4"
"26","6/1/2015      ","7"
"27","6/1/2015      ","6"
"28","6/1/2015      ","0"
"29","6/1/2015      ","0"
"30","6/1/2015      ","6"
"31","6/1/2015      ","7"
"32","6/1/2015      ","7"
"34","6/1/2015      ","6"
"35","6/1/2015      ","6"
"36","6/1/2015      ","0"
"37","6/1/2015      ","10"
"38","6/1/2015      ","1"
"39","6/1/2015      ","10"
"40","6/1/2015      ","6"
"41","6/1/2015      ","1"
"42","6/1/2015      ","2"
"45","6/1/2015      ","1"
"46","6/1/2015      ","3"
"47","6/1/2015      ","1"
"49","6/1/2015      ","9"
"50","6/1/2015      ","6"
"52","6/1/2015      ","3"
"53","6/1/2015      ","7"
"54","6/1/2015      ","6"
"56","6/1/2015      ","10"
"57","6/1/2015      ","9"
"59","6/1/2015      ","8"
"60","6/1/2015      ","7"
"61","6/1/2015      ","8"
"62","6/1/2015      ","4"
"63","6/1/2015      ","9"
"64","6/1/2015      ","8"
"65","6/1/2015      ","6"
"66","6/1/2015      ","2"
"67","6/1/2015      ","7"
"68","6/1/2015      ","6"
"69","6/1/2015      ","7"
"70","6/1/2015      ","10"
"71","6/1/2015      ","5"
"72","6/1/2015      ","0"
"73","6/1/2015      ","3"
"74","6/1/2015      ","0"
"75","6/1/2015      ","1"
"77","6/1/2015      ","5"
"78","6/1/2015      ","7"
"79","6/1/2015      ","5"
"80","6/1/2015      ","9"
"81","6/1/2015      ","5"
"82","6/1/2015      ","6"
"83","6/1/2015      ","4"
"84","6/1/2015      ","3"
"86","6/1/2015      ","1"
"87","6/1/2015      ","0"
"88","6/1/2015      ","7"
"89","6/1/2015      ","9"
"90","6/1/2015      ","8"
"91","6/1/2015      ","4"
"92","6/1/2015      ","8"
"93","6/1/2015      ","5"
"94","6/1/2015      ","0"
"95","6/1/2015      ","10"
"96","6/1/2015      ","6"
"97","6/1/2015      ","5"
"98","6/1/2015      ","4"
"99","6/1/2015      ","9"
"100","6/1/2015      ","0"
"6","7/1/2015      ","0"
"8","7/1/2015      ","4"
"9","7/1/2015      ","9"
"10","7/1/2015      ","3"
"12","7/1/2015      ","8"
"14","7/1/2015      ","9"
"15","7/1/2015      ","4"
"17","7/1/2015      ","8"
"18","7/1/2015      ","7"
"19","7/1/2015      ","2"
"21","7/1/2015      ","0"
"22","7/1/2015      ","4"
"25","7/1/2015      ","8"
"26","7/1/2015      ","1"
"27","7/1/2015      ","2"
"28","7/1/2015      ","2"
"29","7/1/2015      ","0"
"30","7/1/2015      ","2"
"31","7/1/2015      ","5"
"33","7/1/2015      ","6"
"34","7/1/2015      ","2"
"36","7/1/2015      ","6"
"38","7/1/2015      ","5"
"39","7/1/2015      ","1"
"41","7/1/2015      ","3"
"42","7/1/2015      ","3"
"43","7/1/2015      ","4"
"44","7/1/2015      ","2"
"45","7/1/2015      ","2"
"46","7/1/2015      ","7"
"47","7/1/2015      ","10"
"49","7/1/2015      ","9"
"50","7/1/2015      ","0"
"52","7/1/2015      ","4"
"53","7/1/2015      ","10"
"54","7/1/2015      ","5"
"55","7/1/2015      ","7"
"56","7/1/2015      ","0"
"58","7/1/2015      ","5"
"59","7/1/2015      ","3"
"61","7/1/2015      ","4"
"62","7/1/2015      ","7"
"63","7/1/2015      ","6"
"64","7/1/2015      ","6"
"65","7/1/2015      ","3"
"66","7/1/2015      ","5"
"67","7/1/2015      ","2"
"68","7/1/2015      ","6"
"69","7/1/2015      ","3"
"71","7/1/2015      ","4"
"74","7/1/2015      ","5"
"75","7/1/2015      ","7"
"76","7/1/2015      ","2"
"77","7/1/2015      ","7"
"80","7/1/2015      ","9"
"81","7/1/2015      ","0"
"82","7/1/2015      ","6"
"83","7/1/2015      ","4"
"84","7/1/2015      ","9"
"85","7/1/2015      ","4"
"86","7/1/2015      ","7"
"87","7/1/2015      ","9"
"88","7/1/2015      ","9"
"89","7/1/2015      ","5"
"90","7/1/2015      ","3"
"94","7/1/2015      ","3"
"95","7/1/2015      ","7"
"96","7/1/2015      ","6"
"98","7/1/2015      ","1"
"99","7/1/2015      ","9"
"100","7/1/2015      ","6"
"6","8/1/2015      ","3"
"8","8/1/2015      ","2"
"9","8/1/2015      ","9"
"10","8/1/2015      ","1"
"11","8/1/2015      ","0"
"12","8/1/2015      ","7"
"13","8/1/2015      ","3"
"14","8/1/2015      ","4"
"16","8/1/2015      ","1"
"17","8/1/2015      ","6"
"18","8/1/2015      ","1"
"19","8/1/2015      ","4"
"20","8/1/2015      ","8"
"21","8/1/2015      ","0"
"23","8/1/2015      ","8"
"25","8/1/2015      ","7"
"26","8/1/2015      ","3"
"27","8/1/2015      ","7"
"28","8/1/2015      ","6"
"29","8/1/2015      ","9"
"30","8/1/2015      ","10"
"31","8/1/2015      ","10"
"32","8/1/2015      ","5"
"33","8/1/2015      ","10"
"38","8/1/2015      ","6"
"39","8/1/2015      ","4"
"40","8/1/2015      ","3"
"41","8/1/2015      ","6"
"42","8/1/2015      ","0"
"43","8/1/2015      ","5"
"44","8/1/2015      ","0"
"45","8/1/2015      ","8"
"46","8/1/2015      ","0"
"47","8/1/2015      ","8"
"48","8/1/2015      ","5"
"49","8/1/2015      ","1"
"50","8/1/2015      ","10"
"52","8/1/2015      ","9"
"53","8/1/2015      ","9"
"54","8/1/2015      ","2"
"55","8/1/2015      ","9"
"56","8/1/2015      ","1"
"57","8/1/2015      ","8"
"60","8/1/2015      ","8"
"61","8/1/2015      ","4"
"62","8/1/2015      ","1"
"64","8/1/2015      ","7"
"67","8/1/2015      ","6"
"69","8/1/2015      ","9"
"70","8/1/2015      ","9"
"73","8/1/2015      ","10"
"74","8/1/2015      ","8"
"76","8/1/2015      ","5"
"77","8/1/2015      ","9"
"79","8/1/2015      ","7"
"80","8/1/2015      ","1"
"81","8/1/2015      ","10"
"82","8/1/2015      ","10"
"83","8/1/2015      ","3"
"86","8/1/2015      ","6"
"87","8/1/2015      ","7"
"89","8/1/2015      ","2"
"90","8/1/2015      ","0"
"91","8/1/2015      ","10"
"92","8/1/2015      ","7"
"94","8/1/2015      ","5"
"95","8/1/2015      ","1"
"96","8/1/2015      ","1"
"97","8/1/2015      ","1"
"99","8/1/2015      ","8"
"100","8/1/2015      ","3"
"6","9/1/2015      ","9"
"8","9/1/2015      ","9"
"9","9/1/2015      ","1"
"10","9/1/2015      ","7"
"11","9/1/2015      ","10"
"12","9/1/2015      ","3"
"14","9/1/2015      ","1"
"15","9/1/2015      ","1"
"16","9/1/2015      ","6"
"17","9/1/2015      ","10"
"18","9/1/2015      ","10"
"20","9/1/2015      ","10"
"21","9/1/2015      ","8"
"22","9/1/2015      ","1"
"23","9/1/2015      ","1"
"24","9/1/2015      ","4"
"25","9/1/2015      ","4"
"26","9/1/2015      ","7"
"28","9/1/2015      ","6"
"29","9/1/2015      ","10"
"32","9/1/2015      ","4"
"33","9/1/2015      ","2"
"34","9/1/2015      ","8"
"35","9/1/2015      ","4"
"36","9/1/2015      ","6"
"37","9/1/2015      ","1"
"38","9/1/2015      ","7"
"39","9/1/2015      ","4"
"40","9/1/2015      ","3"
"41","9/1/2015      ","10"
"42","9/1/2015      ","1"
"43","9/1/2015      ","4"
"44","9/1/2015      ","7"
"46","9/1/2015      ","2"
"48","9/1/2015      ","2"
"49","9/1/2015      ","1"
"50","9/1/2015      ","7"
"52","9/1/2015      ","3"
"55","9/1/2015      ","9"
"57","9/1/2015      ","1"
"58","9/1/2015      ","5"
"59","9/1/2015      ","3"
"60","9/1/2015      ","8"
"63","9/1/2015      ","9"
"64","9/1/2015      ","0"
"65","9/1/2015      ","9"
"68","9/1/2015      ","10"
"69","9/1/2015      ","8"
"71","9/1/2015      ","8"
"73","9/1/2015      ","5"
"74","9/1/2015      ","9"
"75","9/1/2015      ","9"
"77","9/1/2015      ","0"
"79","9/1/2015      ","4"
"80","9/1/2015      ","10"
"81","9/1/2015      ","0"
"82","9/1/2015      ","3"
"84","9/1/2015      ","2"
"85","9/1/2015      ","1"
"86","9/1/2015      ","10"
"87","9/1/2015      ","6"
"90","9/1/2015      ","4"
"91","9/1/2015      ","0"
"92","9/1/2015      ","7"
"93","9/1/2015      ","5"
"95","9/1/2015      ","6"
"97","9/1/2015      ","4"
"98","9/1/2015      ","10"
"99","9/1/2015      ","9"
"100","9/1/2015      ","3"
"6","10/1/2015      ","0"
"8","10/1/2015      ","10"
"9","10/1/2015      ","8"
"10","10/1/2015      ","8"
"12","10/1/2015      ","7"
"13","10/1/2015      ","4"
"14","10/1/2015      ","5"
"15","10/1/2015      ","3"
"16","10/1/2015      ","4"
"18","10/1/2015      ","1"
"19","10/1/2015      ","6"
"20","10/1/2015      ","6"
"21","10/1/2015      ","1"
"23","10/1/2015      ","6"
"24","10/1/2015      ","9"
"26","10/1/2015      ","2"
"27","10/1/2015      ","3"
"28","10/1/2015      ","6"
"29","10/1/2015      ","9"
"30","10/1/2015      ","6"
"31","10/1/2015      ","1"
"33","10/1/2015      ","10"
"35","10/1/2015      ","0"
"36","10/1/2015      ","5"
"37","10/1/2015      ","9"
"39","10/1/2015      ","2"
"40","10/1/2015      ","10"
"42","10/1/2015      ","3"
"43","10/1/2015      ","10"
"44","10/1/2015      ","10"
"45","10/1/2015      ","4"
"46","10/1/2015      ","1"
"47","10/1/2015      ","5"
"50","10/1/2015      ","0"
"51","10/1/2015      ","2"
"52","10/1/2015      ","4"
"53","10/1/2015      ","1"
"55","10/1/2015      ","8"
"56","10/1/2015      ","2"
"57","10/1/2015      ","9"
"58","10/1/2015      ","2"
"59","10/1/2015      ","3"
"60","10/1/2015      ","4"
"62","10/1/2015      ","10"
"63","10/1/2015      ","3"
"64","10/1/2015      ","0"
"65","10/1/2015      ","9"
"66","10/1/2015      ","1"
"67","10/1/2015      ","3"
"68","10/1/2015      ","3"
"69","10/1/2015      ","5"
"70","10/1/2015      ","3"
"71","10/1/2015      ","8"
"72","10/1/2015      ","6"
"73","10/1/2015      ","2"
"74","10/1/2015      ","1"
"76","10/1/2015      ","5"
"77","10/1/2015      ","2"
"78","10/1/2015      ","1"
"79","10/1/2015      ","1"
"80","10/1/2015      ","4"
"81","10/1/2015      ","4"
"83","10/1/2015      ","7"
"84","10/1/2015      ","5"
"85","10/1/2015      ","8"
"86","10/1/2015      ","8"
"87","10/1/2015      ","10"
"92","10/1/2015      ","10"
"94","10/1/2015      ","10"
"96","10/1/2015      ","10"
"97","10/1/2015      ","9"
"98","10/1/2015      ","7"
"99","10/1/2015      ","4"
"100","10/1/2015      ","8"
"6","11/1/2015      ","6"
"7","11/1/2015      ","10"
"8","11/1/2015      ","2"
"9","11/1/2015      ","0"
"10","11/1/2015      ","0"
"13","11/1/2015      ","9"
"14","11/1/2015      ","9"
"15","11/1/2015      ","6"
"17","11/1/2015      ","8"
"18","11/1/2015      ","6"
"20","11/1/2015      ","3"
"21","11/1/2015      ","8"
"22","11/1/2015      ","10"
"23","11/1/2015      ","9"
"24","11/1/2015      ","7"
"25","11/1/2015      ","5"
"27","11/1/2015      ","0"
"28","11/1/2015      ","9"
"29","11/1/2015      ","1"
"30","11/1/2015      ","5"
"31","11/1/2015      ","2"
"32","11/1/2015      ","3"
"34","11/1/2015      ","9"
"35","11/1/2015      ","5"
"36","11/1/2015      ","1"
"37","11/1/2015      ","3"
"38","11/1/2015      ","6"
"39","11/1/2015      ","0"
"40","11/1/2015      ","1"
"41","11/1/2015      ","6"
"42","11/1/2015      ","1"
"43","11/1/2015      ","10"
"45","11/1/2015      ","7"
"46","11/1/2015      ","7"
"47","11/1/2015      ","7"
"48","11/1/2015      ","1"
"49","11/1/2015      ","4"
"50","11/1/2015      ","5"
"51","11/1/2015      ","3"
"52","11/1/2015      ","6"
"53","11/1/2015      ","10"
"54","11/1/2015      ","0"
"55","11/1/2015      ","7"
"57","11/1/2015      ","4"
"59","11/1/2015      ","2"
"60","11/1/2015      ","7"
"62","11/1/2015      ","3"
"63","11/1/2015      ","0"
"64","11/1/2015      ","7"
"65","11/1/2015      ","5"
"66","11/1/2015      ","10"
"67","11/1/2015      ","7"
"68","11/1/2015      ","4"
"70","11/1/2015      ","5"
"71","11/1/2015      ","0"
"72","11/1/2015      ","6"
"73","11/1/2015      ","5"
"75","11/1/2015      ","2"
"76","11/1/2015      ","6"
"77","11/1/2015      ","3"
"78","11/1/2015      ","9"
"79","11/1/2015      ","2"
"81","11/1/2015      ","9"
"82","11/1/2015      ","7"
"83","11/1/2015      ","8"
"84","11/1/2015      ","7"
"86","11/1/2015      ","8"
"88","11/1/2015      ","8"
"89","11/1/2015      ","1"
"90","11/1/2015      ","2"
"91","11/1/2015      ","2"
"92","11/1/2015      ","7"
"93","11/1/2015      ","5"
"99","11/1/2015      ","10"
"100","11/1/2015      ","6"
"6","12/1/2015      ","6"
"8","12/1/2015      ","1"
"9","12/1/2015      ","4"
"10","12/1/2015      ","9"
"11","12/1/2015      ","9"
"12","12/1/2015      ","8"
"13","12/1/2015      ","10"
"15","12/1/2015      ","8"
"16","12/1/2015      ","5"
"17","12/1/2015      ","9"
"18","12/1/2015      ","6"
"19","12/1/2015      ","2"
"20","12/1/2015      ","10"
"21","12/1/2015      ","2"
"22","12/1/2015      ","9"
"23","12/1/2015      ","1"
"24","12/1/2015      ","7"
"25","12/1/2015      ","9"
"26","12/1/2015      ","8"
"27","12/1/2015      ","6"
"28","12/1/2015      ","4"
"29","12/1/2015      ","0"
"30","12/1/2015      ","0"
"31","12/1/2015      ","3"
"32","12/1/2015      ","1"
"34","12/1/2015      ","1"
"36","12/1/2015      ","8"
"37","12/1/2015      ","3"
"38","12/1/2015      ","3"
"39","12/1/2015      ","0"
"40","12/1/2015      ","4"
"41","12/1/2015      ","2"
"43","12/1/2015      ","7"
"44","12/1/2015      ","6"
"45","12/1/2015      ","9"
"46","12/1/2015      ","4"
"48","12/1/2015      ","1"
"49","12/1/2015      ","8"
"50","12/1/2015      ","8"
"52","12/1/2015      ","4"
"54","12/1/2015      ","6"
"55","12/1/2015      ","1"
"56","12/1/2015      ","7"
"57","12/1/2015      ","3"
"58","12/1/2015      ","8"
"59","12/1/2015      ","10"
"60","12/1/2015      ","8"
"61","12/1/2015      ","10"
"62","12/1/2015      ","2"
"63","12/1/2015      ","8"
"64","12/1/2015      ","9"
"65","12/1/2015      ","1"
"66","12/1/2015      ","1"
"68","12/1/2015      ","6"
"71","12/1/2015      ","6"
"72","12/1/2015      ","9"
"74","12/1/2015      ","2"
"76","12/1/2015      ","4"
"77","12/1/2015      ","10"
"78","12/1/2015      ","0"
"79","12/1/2015      ","8"
"80","12/1/2015      ","8"
"81","12/1/2015      ","1"
"83","12/1/2015      ","6"
"84","12/1/2015      ","3"
"85","12/1/2015      ","4"
"87","12/1/2015      ","4"
"88","12/1/2015      ","5"
"89","12/1/2015      ","3"
"90","12/1/2015      ","5"
"92","12/1/2015      ","1"
"93","12/1/2015      ","9"
"94","12/1/2015      ","2"
"96","12/1/2015      ","3"
"97","12/1/2015      ","7"
"98","12/1/2015      ","5"
"99","12/1/2015      ","7"
"6","1/1/2016      ","3"
"8","1/1/2016      ","3"
"9","1/1/2016      ","9"
"11","1/1/2016      ","8"
"12","1/1/2016      ","4"
"13","1/1/2016      ","2"
"14","1/1/2016      ","9"
"15","1/1/2016      ","9"
"16","1/1/2016      ","0"
"18","1/1/2016      ","1"
"19","1/1/2016      ","10"
"21","1/1/2016      ","8"
"22","1/1/2016      ","9"
"23","1/1/2016      ","4"
"24","1/1/2016      ","6"
"25","1/1/2016      ","1"
"26","1/1/2016      ","8"
"27","1/1/2016      ","2"
"29","1/1/2016      ","0"
"30","1/1/2016      ","2"
"31","1/1/2016      ","1"
"32","1/1/2016      ","9"
"33","1/1/2016      ","5"
"34","1/1/2016      ","3"
"37","1/1/2016      ","8"
"38","1/1/2016      ","0"
"39","1/1/2016      ","5"
"41","1/1/2016      ","4"
"42","1/1/2016      ","5"
"43","1/1/2016      ","8"
"44","1/1/2016      ","2"
"45","1/1/2016      ","6"
"46","1/1/2016      ","7"
"47","1/1/2016      ","6"
"48","1/1/2016      ","10"
"50","1/1/2016      ","6"
"52","1/1/2016      ","10"
"54","1/1/2016      ","5"
"56","1/1/2016      ","0"
"57","1/1/2016      ","2"
"58","1/1/2016      ","6"
"59","1/1/2016      ","10"
"60","1/1/2016      ","3"
"61","1/1/2016      ","4"
"62","1/1/2016      ","9"
"63","1/1/2016      ","10"
"64","1/1/2016      ","3"
"65","1/1/2016      ","10"
"66","1/1/2016      ","7"
"67","1/1/2016      ","1"
"70","1/1/2016      ","9"
"71","1/1/2016      ","3"
"72","1/1/2016      ","4"
"73","1/1/2016      ","3"
"74","1/1/2016      ","4"
"75","1/1/2016      ","9"
"76","1/1/2016      ","5"
"78","1/1/2016      ","0"
"79","1/1/2016      ","3"
"81","1/1/2016      ","5"
"83","1/1/2016      ","8"
"84","1/1/2016      ","0"
"85","1/1/2016      ","3"
"86","1/1/2016      ","3"
"87","1/1/2016      ","7"
"88","1/1/2016      ","9"
"89","1/1/2016      ","4"
"90","1/1/2016      ","4"
"91","1/1/2016      ","7"
"92","1/1/2016      ","5"
"94","1/1/2016      ","9"
"95","1/1/2016      ","9"
"97","1/1/2016      ","5"
"98","1/1/2016      ","4"
"99","1/1/2016      ","4"
"100","1/1/2016      ","10"
"8","2/1/2016      ","7"
"10","2/1/2016      ","8"
"11","2/1/2016      ","0"
"12","2/1/2016      ","4"
"13","2/1/2016      ","4"
"14","2/1/2016      ","6"
"15","2/1/2016      ","3"
"16","2/1/2016      ","2"
"17","2/1/2016      ","2"
"18","2/1/2016      ","1"
"19","2/1/2016      ","10"
"20","2/1/2016      ","8"
"21","2/1/2016      ","10"
"22","2/1/2016      ","7"
"23","2/1/2016      ","5"
"24","2/1/2016      ","0"
"25","2/1/2016      ","1"
"26","2/1/2016      ","2"
"27","2/1/2016      ","7"
"28","2/1/2016      ","4"
"29","2/1/2016      ","6"
"30","2/1/2016      ","2"
"31","2/1/2016      ","6"
"32","2/1/2016      ","8"
"33","2/1/2016      ","0"
"34","2/1/2016      ","1"
"35","2/1/2016      ","3"
"36","2/1/2016      ","7"
"37","2/1/2016      ","4"
"38","2/1/2016      ","7"
"40","2/1/2016      ","7"
"41","2/1/2016      ","10"
"42","2/1/2016      ","9"
"43","2/1/2016      ","0"
"44","2/1/2016      ","10"
"45","2/1/2016      ","8"
"46","2/1/2016      ","7"
"48","2/1/2016      ","5"
"49","2/1/2016      ","7"
"50","2/1/2016      ","8"
"51","2/1/2016      ","8"
"53","2/1/2016      ","9"
"54","2/1/2016      ","4"
"55","2/1/2016      ","9"
"56","2/1/2016      ","4"
"59","2/1/2016      ","9"
"60","2/1/2016      ","3"
"62","2/1/2016      ","8"
"63","2/1/2016      ","8"
"64","2/1/2016      ","7"
"67","2/1/2016      ","2"
"68","2/1/2016      ","3"
"69","2/1/2016      ","8"
"70","2/1/2016      ","9"
"71","2/1/2016      ","3"
"75","2/1/2016      ","4"
"76","2/1/2016      ","0"
"77","2/1/2016      ","0"
"78","2/1/2016      ","2"
"79","2/1/2016      ","5"
"80","2/1/2016      ","3"
"81","2/1/2016      ","7"
"82","2/1/2016      ","7"
"83","2/1/2016      ","6"
"84","2/1/2016      ","0"
"85","2/1/2016      ","7"
"87","2/1/2016      ","0"
"88","2/1/2016      ","0"
"89","2/1/2016      ","9"
"91","2/1/2016      ","0"
"92","2/1/2016      ","7"
"93","2/1/2016      ","5"
"94","2/1/2016      ","1"
"95","2/1/2016      ","5"
"96","2/1/2016      ","0"
"97","2/1/2016      ","1"
"99","2/1/2016      ","7"
"100","2/1/2016      ","10"
"7","3/1/2016      ","7"
"9","3/1/2016      ","6"
"10","3/1/2016      ","7"
"11","3/1/2016      ","9"
"14","3/1/2016      ","8"
"16","3/1/2016      ","10"
"18","3/1/2016      ","1"
"19","3/1/2016      ","7"
"20","3/1/2016      ","5"
"21","3/1/2016      ","0"
"22","3/1/2016      ","0"
"23","3/1/2016      ","8"
"24","3/1/2016      ","0"
"25","3/1/2016      ","3"
"26","3/1/2016      ","1"
"27","3/1/2016      ","7"
"28","3/1/2016      ","1"
"29","3/1/2016      ","4"
"30","3/1/2016      ","6"
"32","3/1/2016      ","6"
"33","3/1/2016      ","7"
"35","3/1/2016      ","1"
"36","3/1/2016      ","5"
"38","3/1/2016      ","7"
"39","3/1/2016      ","10"
"41","3/1/2016      ","4"
"42","3/1/2016      ","9"
"43","3/1/2016      ","1"
"44","3/1/2016      ","6"
"46","3/1/2016      ","3"
"48","3/1/2016      ","8"
"50","3/1/2016      ","5"
"52","3/1/2016      ","5"
"53","3/1/2016      ","6"
"55","3/1/2016      ","6"
"57","3/1/2016      ","9"
"58","3/1/2016      ","5"
"59","3/1/2016      ","7"
"61","3/1/2016      ","10"
"62","3/1/2016      ","1"
"63","3/1/2016      ","3"
"64","3/1/2016      ","8"
"65","3/1/2016      ","0"
"66","3/1/2016      ","5"
"67","3/1/2016      ","4"
"68","3/1/2016      ","1"
"69","3/1/2016      ","9"
"70","3/1/2016      ","0"
"72","3/1/2016      ","6"
"73","3/1/2016      ","8"
"76","3/1/2016      ","7"
"77","3/1/2016      ","10"
"79","3/1/2016      ","1"
"81","3/1/2016      ","7"
"82","3/1/2016      ","7"
"83","3/1/2016      ","9"
"84","3/1/2016      ","1"
"86","3/1/2016      ","8"
"87","3/1/2016      ","7"
"88","3/1/2016      ","8"
"89","3/1/2016      ","2"
"91","3/1/2016      ","10"
"92","3/1/2016      ","7"
"94","3/1/2016      ","3"
"95","3/1/2016      ","1"
"96","3/1/2016      ","9"
"97","3/1/2016      ","2"
"98","3/1/2016      ","5"
"99","3/1/2016      ","4"
"100","3/1/2016      ","8"
"6","4/1/2016      ","1"
"7","4/1/2016      ","0"
"9","4/1/2016      ","2"
"10","4/1/2016      ","5"
"12","4/1/2016      ","4"
"13","4/1/2016      ","6"
"14","4/1/2016      ","4"
"15","4/1/2016      ","5"
"16","4/1/2016      ","0"
"18","4/1/2016      ","3"
"19","4/1/2016      ","9"
"21","4/1/2016      ","1"
"22","4/1/2016      ","1"
"23","4/1/2016      ","4"
"24","4/1/2016      ","2"
"25","4/1/2016      ","1"
"28","4/1/2016      ","8"
"29","4/1/2016      ","7"
"31","4/1/2016      ","9"
"32","4/1/2016      ","0"
"33","4/1/2016      ","1"
"35","4/1/2016      ","0"
"36","4/1/2016      ","4"
"37","4/1/2016      ","8"
"38","4/1/2016      ","8"
"39","4/1/2016      ","5"
"40","4/1/2016      ","2"
"41","4/1/2016      ","0"
"42","4/1/2016      ","9"
"43","4/1/2016      ","10"
"44","4/1/2016      ","2"
"45","4/1/2016      ","5"
"46","4/1/2016      ","7"
"47","4/1/2016      ","6"
"49","4/1/2016      ","0"
"50","4/1/2016      ","8"
"51","4/1/2016      ","1"
"53","4/1/2016      ","6"
"54","4/1/2016      ","1"
"55","4/1/2016      ","6"
"56","4/1/2016      ","4"
"57","4/1/2016      ","2"
"58","4/1/2016      ","8"
"59","4/1/2016      ","4"
"60","4/1/2016      ","6"
"61","4/1/2016      ","0"
"62","4/1/2016      ","3"
"63","4/1/2016      ","1"
"64","4/1/2016      ","1"
"65","4/1/2016      ","6"
"66","4/1/2016      ","9"
"67","4/1/2016      ","2"
"68","4/1/2016      ","6"
"69","4/1/2016      ","9"
"70","4/1/2016      ","7"
"73","4/1/2016      ","3"
"74","4/1/2016      ","8"
"75","4/1/2016      ","8"
"76","4/1/2016      ","0"
"77","4/1/2016      ","0"
"78","4/1/2016      ","7"
"81","4/1/2016      ","2"
"82","4/1/2016      ","8"
"83","4/1/2016      ","9"
"84","4/1/2016      ","1"
"85","4/1/2016      ","2"
"86","4/1/2016      ","3"
"87","4/1/2016      ","10"
"88","4/1/2016      ","4"
"89","4/1/2016      ","0"
"90","4/1/2016      ","7"
"91","4/1/2016      ","9"
"92","4/1/2016      ","1"
"93","4/1/2016      ","3"
"94","4/1/2016      ","3"
"96","4/1/2016      ","3"
"97","4/1/2016      ","0"
"98","4/1/2016      ","7"
"99","4/1/2016      ","2"
"100","4/1/2016      ","10"
"6","5/1/2016      ","4"
"7","5/1/2016      ","1"
"8","5/1/2016      ","8"
"9","5/1/2016      ","9"
"10","5/1/2016      ","4"
"11","5/1/2016      ","0"
"12","5/1/2016      ","7"
"13","5/1/2016      ","10"
"14","5/1/2016      ","1"
"15","5/1/2016      ","6"
"16","5/1/2016      ","6"
"17","5/1/2016      ","1"
"18","5/1/2016      ","3"
"20","5/1/2016      ","4"
"22","5/1/2016      ","0"
"23","5/1/2016      ","4"
"25","5/1/2016      ","2"
"26","5/1/2016      ","0"
"27","5/1/2016      ","10"
"28","5/1/2016      ","7"
"29","5/1/2016      ","2"
"30","5/1/2016      ","1"
"32","5/1/2016      ","10"
"33","5/1/2016      ","1"
"34","5/1/2016      ","7"
"37","5/1/2016      ","0"
"39","5/1/2016      ","5"
"40","5/1/2016      ","8"
"41","5/1/2016      ","4"
"43","5/1/2016      ","1"
"45","5/1/2016      ","6"
"47","5/1/2016      ","3"
"48","5/1/2016      ","0"
"50","5/1/2016      ","7"
"51","5/1/2016      ","0"
"52","5/1/2016      ","5"
"54","5/1/2016      ","0"
"55","5/1/2016      ","5"
"56","5/1/2016      ","7"
"57","5/1/2016      ","1"
"58","5/1/2016      ","8"
"59","5/1/2016      ","9"
"60","5/1/2016      ","8"
"61","5/1/2016      ","7"
"62","5/1/2016      ","9"
"63","5/1/2016      ","5"
"65","5/1/2016      ","10"
"66","5/1/2016      ","4"
"67","5/1/2016      ","5"
"68","5/1/2016      ","9"
"70","5/1/2016      ","1"
"71","5/1/2016      ","3"
"72","5/1/2016      ","2"
"73","5/1/2016      ","9"
"74","5/1/2016      ","8"
"75","5/1/2016      ","7"
"76","5/1/2016      ","9"
"77","5/1/2016      ","2"
"78","5/1/2016      ","4"
"79","5/1/2016      ","8"
"82","5/1/2016      ","1"
"84","5/1/2016      ","8"
"85","5/1/2016      ","4"
"86","5/1/2016      ","10"
"88","5/1/2016      ","3"
"89","5/1/2016      ","5"
"90","5/1/2016      ","6"
"91","5/1/2016      ","4"
"92","5/1/2016      ","8"
"93","5/1/2016      ","3"
"94","5/1/2016      ","7"
"96","5/1/2016      ","1"
"98","5/1/2016      ","2"
"100","5/1/2016      ","1"
"6","6/1/2016      ","2"
"7","6/1/2016      ","8"
"8","6/1/2016      ","8"
"9","6/1/2016      ","0"
"10","6/1/2016      ","3"
"11","6/1/2016      ","7"
"12","6/1/2016      ","3"
"13","6/1/2016      ","5"
"14","6/1/2016      ","7"
"15","6/1/2016      ","2"
"16","6/1/2016      ","6"
"17","6/1/2016      ","9"
"19","6/1/2016      ","1"
"20","6/1/2016      ","4"
"21","6/1/2016      ","6"
"22","6/1/2016      ","4"
"23","6/1/2016      ","6"
"25","6/1/2016      ","7"
"26","6/1/2016      ","7"
"27","6/1/2016      ","3"
"29","6/1/2016      ","7"
"30","6/1/2016      ","4"
"31","6/1/2016      ","1"
"32","6/1/2016      ","7"
"33","6/1/2016      ","5"
"35","6/1/2016      ","1"
"37","6/1/2016      ","3"
"38","6/1/2016      ","4"
"39","6/1/2016      ","1"
"40","6/1/2016      ","1"
"41","6/1/2016      ","7"
"42","6/1/2016      ","8"
"43","6/1/2016      ","5"
"45","6/1/2016      ","1"
"46","6/1/2016      ","10"
"47","6/1/2016      ","6"
"48","6/1/2016      ","7"
"50","6/1/2016      ","4"
"52","6/1/2016      ","7"
"53","6/1/2016      ","1"
"54","6/1/2016      ","2"
"56","6/1/2016      ","5"
"59","6/1/2016      ","5"
"60","6/1/2016      ","4"
"62","6/1/2016      ","1"
"63","6/1/2016      ","1"
"65","6/1/2016      ","2"
"66","6/1/2016      ","9"
"67","6/1/2016      ","2"
"68","6/1/2016      ","9"
"69","6/1/2016      ","8"
"70","6/1/2016      ","3"
"72","6/1/2016      ","6"
"73","6/1/2016      ","0"
"74","6/1/2016      ","9"
"75","6/1/2016      ","10"
"76","6/1/2016      ","8"
"77","6/1/2016      ","7"
"78","6/1/2016      ","8"
"79","6/1/2016      ","5"
"80","6/1/2016      ","6"
"81","6/1/2016      ","2"
"82","6/1/2016      ","1"
"84","6/1/2016      ","3"
"85","6/1/2016      ","0"
"86","6/1/2016      ","0"
"89","6/1/2016      ","9"
"92","6/1/2016      ","0"
"93","6/1/2016      ","5"
"94","6/1/2016      ","4"
"95","6/1/2016      ","8"
"96","6/1/2016      ","4"
"97","6/1/2016      ","7"
"98","6/1/2016      ","7"
"99","6/1/2016      ","10"
"100","6/1/2016      ","5"
"6","7/1/2016      ","1"
"7","7/1/2016      ","3"
"8","7/1/2016      ","10"
"9","7/1/2016      ","5"
"10","7/1/2016      ","4"
"11","7/1/2016      ","3"
"13","7/1/2016      ","10"
"14","7/1/2016      ","7"
"18","7/1/2016      ","3"
"21","7/1/2016      ","8"
"22","7/1/2016      ","4"
"24","7/1/2016      ","2"
"26","7/1/2016      ","3"
"27","7/1/2016      ","4"
"28","7/1/2016      ","10"
"29","7/1/2016      ","2"
"30","7/1/2016      ","5"
"31","7/1/2016      ","6"
"32","7/1/2016      ","5"
"33","7/1/2016      ","10"
"35","7/1/2016      ","9"
"37","7/1/2016      ","3"
"38","7/1/2016      ","6"
"40","7/1/2016      ","3"
"41","7/1/2016      ","7"
"42","7/1/2016      ","8"
"43","7/1/2016      ","8"
"45","7/1/2016      ","6"
"46","7/1/2016      ","1"
"47","7/1/2016      ","1"
"48","7/1/2016      ","1"
"49","7/1/2016      ","1"
"51","7/1/2016      ","5"
"52","7/1/2016      ","7"
"53","7/1/2016      ","9"
"54","7/1/2016      ","1"
"55","7/1/2016      ","1"
"56","7/1/2016      ","7"
"57","7/1/2016      ","3"
"58","7/1/2016      ","1"
"59","7/1/2016      ","8"
"60","7/1/2016      ","10"
"61","7/1/2016      ","0"
"62","7/1/2016      ","1"
"63","7/1/2016      ","4"
"64","7/1/2016      ","0"
"65","7/1/2016      ","8"
"66","7/1/2016      ","9"
"67","7/1/2016      ","10"
"69","7/1/2016      ","8"
"70","7/1/2016      ","6"
"71","7/1/2016      ","4"
"72","7/1/2016      ","0"
"73","7/1/2016      ","4"
"74","7/1/2016      ","0"
"76","7/1/2016      ","4"
"77","7/1/2016      ","8"
"78","7/1/2016      ","8"
"79","7/1/2016      ","0"
"80","7/1/2016      ","0"
"81","7/1/2016      ","0"
"82","7/1/2016      ","3"
"84","7/1/2016      ","0"
"85","7/1/2016      ","9"
"86","7/1/2016      ","0"
"87","7/1/2016      ","10"
"88","7/1/2016      ","0"
"89","7/1/2016      ","10"
"91","7/1/2016      ","3"
"92","7/1/2016      ","4"
"93","7/1/2016      ","2"
"94","7/1/2016      ","2"
"95","7/1/2016      ","7"
"97","7/1/2016      ","7"
"99","7/1/2016      ","5"
"100","7/1/2016      ","0"
"6","8/1/2016      ","6"
"8","8/1/2016      ","5"
"9","8/1/2016      ","7"
"10","8/1/2016      ","1"
"11","8/1/2016      ","5"
"13","8/1/2016      ","6"
"14","8/1/2016      ","3"
"15","8/1/2016      ","0"
"16","8/1/2016      ","10"
"21","8/1/2016      ","6"
"22","8/1/2016      ","8"
"23","8/1/2016      ","5"
"24","8/1/2016      ","1"
"26","8/1/2016      ","9"
"27","8/1/2016      ","4"
"28","8/1/2016      ","0"
"29","8/1/2016      ","7"
"31","8/1/2016      ","10"
"33","8/1/2016      ","5"
"34","8/1/2016      ","6"
"35","8/1/2016      ","10"
"36","8/1/2016      ","6"
"38","8/1/2016      ","2"
"40","8/1/2016      ","2"
"42","8/1/2016      ","9"
"44","8/1/2016      ","10"
"45","8/1/2016      ","4"
"46","8/1/2016      ","7"
"47","8/1/2016      ","0"
"48","8/1/2016      ","2"
"49","8/1/2016      ","5"
"52","8/1/2016      ","9"
"53","8/1/2016      ","4"
"54","8/1/2016      ","9"
"55","8/1/2016      ","3"
"57","8/1/2016      ","6"
"59","8/1/2016      ","9"
"61","8/1/2016      ","2"
"62","8/1/2016      ","3"
"64","8/1/2016      ","8"
"67","8/1/2016      ","8"
"68","8/1/2016      ","3"
"69","8/1/2016      ","2"
"70","8/1/2016      ","8"
"71","8/1/2016      ","3"
"73","8/1/2016      ","4"
"74","8/1/2016      ","5"
"75","8/1/2016      ","7"
"76","8/1/2016      ","7"
"77","8/1/2016      ","2"
"78","8/1/2016      ","1"
"79","8/1/2016      ","7"
"80","8/1/2016      ","6"
"81","8/1/2016      ","10"
"82","8/1/2016      ","4"
"83","8/1/2016      ","0"
"84","8/1/2016      ","6"
"85","8/1/2016      ","8"
"86","8/1/2016      ","4"
"87","8/1/2016      ","9"
"88","8/1/2016      ","1"
"89","8/1/2016      ","5"
"90","8/1/2016      ","1"
"93","8/1/2016      ","2"
"94","8/1/2016      ","3"
"97","8/1/2016      ","2"
"98","8/1/2016      ","4"
"99","8/1/2016      ","6"
"100","8/1/2016      ","5"
"6","9/1/2016      ","1"
"7","9/1/2016      ","10"
"8","9/1/2016      ","10"
"9","9/1/2016      ","5"
"12","9/1/2016      ","4"
"14","9/1/2016      ","9"
"15","9/1/2016      ","5"
"17","9/1/2016      ","3"
"18","9/1/2016      ","8"
"19","9/1/2016      ","4"
"20","9/1/2016      ","3"
"21","9/1/2016      ","0"
"22","9/1/2016      ","10"
"23","9/1/2016      ","10"
"24","9/1/2016      ","6"
"25","9/1/2016      ","3"
"26","9/1/2016      ","1"
"27","9/1/2016      ","9"
"28","9/1/2016      ","5"
"29","9/1/2016      ","3"
"30","9/1/2016      ","1"
"31","9/1/2016      ","5"
"32","9/1/2016      ","0"
"33","9/1/2016      ","9"
"34","9/1/2016      ","2"
"35","9/1/2016      ","9"
"37","9/1/2016      ","5"
"39","9/1/2016      ","5"
"40","9/1/2016      ","7"
"41","9/1/2016      ","3"
"43","9/1/2016      ","1"
"44","9/1/2016      ","10"
"45","9/1/2016      ","3"
"46","9/1/2016      ","6"
"47","9/1/2016      ","6"
"48","9/1/2016      ","4"
"49","9/1/2016      ","2"
"50","9/1/2016      ","7"
"51","9/1/2016      ","6"
"55","9/1/2016      ","5"
"56","9/1/2016      ","9"
"57","9/1/2016      ","8"
"58","9/1/2016      ","0"
"60","9/1/2016      ","8"
"61","9/1/2016      ","1"
"62","9/1/2016      ","6"
"63","9/1/2016      ","6"
"64","9/1/2016      ","10"
"67","9/1/2016      ","8"
"68","9/1/2016      ","10"
"69","9/1/2016      ","5"
"71","9/1/2016      ","2"
"72","9/1/2016      ","7"
"73","9/1/2016      ","7"
"75","9/1/2016      ","10"
"76","9/1/2016      ","2"
"79","9/1/2016      ","7"
"80","9/1/2016      ","5"
"81","9/1/2016      ","9"
"82","9/1/2016      ","2"
"83","9/1/2016      ","1"
"84","9/1/2016      ","6"
"85","9/1/2016      ","1"
"86","9/1/2016      ","0"
"87","9/1/2016      ","3"
"88","9/1/2016      ","0"
"89","9/1/2016      ","0"
"91","9/1/2016      ","5"
"92","9/1/2016      ","4"
"93","9/1/2016      ","6"
"94","9/1/2016      ","8"
"95","9/1/2016      ","1"
"96","9/1/2016      ","7"
"97","9/1/2016      ","1"
"98","9/1/2016      ","5"
"99","9/1/2016      ","10"
"100","9/1/2016      ","10"
"6","10/1/2016      ","0"
"7","10/1/2016      ","10"
"8","10/1/2016      ","4"
"9","10/1/2016      ","1"
"10","10/1/2016      ","10"
"11","10/1/2016      ","4"
"12","10/1/2016      ","8"
"14","10/1/2016      ","1"
"15","10/1/2016      ","8"
"16","10/1/2016      ","6"
"17","10/1/2016      ","8"
"20","10/1/2016      ","2"
"21","10/1/2016      ","2"
"22","10/1/2016      ","0"
"24","10/1/2016      ","8"
"25","10/1/2016      ","8"
"26","10/1/2016      ","4"
"27","10/1/2016      ","4"
"28","10/1/2016      ","6"
"29","10/1/2016      ","4"
"31","10/1/2016      ","8"
"32","10/1/2016      ","2"
"34","10/1/2016      ","9"
"35","10/1/2016      ","6"
"36","10/1/2016      ","1"
"37","10/1/2016      ","1"
"38","10/1/2016      ","0"
"40","10/1/2016      ","2"
"41","10/1/2016      ","2"
"42","10/1/2016      ","7"
"44","10/1/2016      ","1"
"45","10/1/2016      ","6"
"46","10/1/2016      ","8"
"47","10/1/2016      ","5"
"48","10/1/2016      ","3"
"49","10/1/2016      ","3"
"50","10/1/2016      ","10"
"51","10/1/2016      ","3"
"52","10/1/2016      ","4"
"54","10/1/2016      ","8"
"55","10/1/2016      ","5"
"58","10/1/2016      ","3"
"59","10/1/2016      ","1"
"60","10/1/2016      ","6"
"61","10/1/2016      ","2"
"62","10/1/2016      ","0"
"65","10/1/2016      ","8"
"67","10/1/2016      ","10"
"69","10/1/2016      ","1"
"70","10/1/2016      ","6"
"71","10/1/2016      ","5"
"72","10/1/2016      ","9"
"73","10/1/2016      ","2"
"75","10/1/2016      ","3"
"76","10/1/2016      ","10"
"78","10/1/2016      ","5"
"79","10/1/2016      ","8"
"80","10/1/2016      ","1"
"81","10/1/2016      ","4"
"82","10/1/2016      ","3"
"83","10/1/2016      ","2"
"84","10/1/2016      ","5"
"85","10/1/2016      ","4"
"86","10/1/2016      ","2"
"87","10/1/2016      ","3"
"88","10/1/2016      ","4"
"89","10/1/2016      ","4"
"90","10/1/2016      ","9"
"91","10/1/2016      ","9"
"93","10/1/2016      ","3"
"94","10/1/2016      ","9"
"95","10/1/2016      ","3"
"97","10/1/2016      ","4"
"98","10/1/2016      ","9"
"99","10/1/2016      ","10"
"100","10/1/2016      ","7"
"6","11/1/2016      ","7"
"8","11/1/2016      ","1"
"9","11/1/2016      ","10"
"10","11/1/2016      ","8"
"11","11/1/2016      ","9"
"12","11/1/2016      ","0"
"13","11/1/2016      ","8"
"14","11/1/2016      ","9"
"15","11/1/2016      ","8"
"16","11/1/2016      ","8"
"18","11/1/2016      ","7"
"19","11/1/2016      ","2"
"21","11/1/2016      ","9"
"23","11/1/2016      ","8"
"24","11/1/2016      ","6"
"25","11/1/2016      ","2"
"26","11/1/2016      ","7"
"27","11/1/2016      ","0"
"28","11/1/2016      ","10"
"29","11/1/2016      ","5"
"30","11/1/2016      ","1"
"31","11/1/2016      ","5"
"33","11/1/2016      ","1"
"38","11/1/2016      ","0"
"40","11/1/2016      ","9"
"42","11/1/2016      ","7"
"43","11/1/2016      ","2"
"44","11/1/2016      ","0"
"45","11/1/2016      ","1"
"46","11/1/2016      ","2"
"47","11/1/2016      ","2"
"48","11/1/2016      ","7"
"49","11/1/2016      ","0"
"50","11/1/2016      ","9"
"51","11/1/2016      ","0"
"53","11/1/2016      ","10"
"55","11/1/2016      ","3"
"56","11/1/2016      ","5"
"57","11/1/2016      ","7"
"58","11/1/2016      ","0"
"59","11/1/2016      ","4"
"60","11/1/2016      ","7"
"61","11/1/2016      ","4"
"63","11/1/2016      ","9"
"64","11/1/2016      ","9"
"65","11/1/2016      ","0"
"66","11/1/2016      ","9"
"67","11/1/2016      ","7"
"68","11/1/2016      ","9"
"70","11/1/2016      ","4"
"71","11/1/2016      ","8"
"72","11/1/2016      ","10"
"73","11/1/2016      ","9"
"74","11/1/2016      ","1"
"76","11/1/2016      ","8"
"79","11/1/2016      ","4"
"81","11/1/2016      ","8"
"82","11/1/2016      ","2"
"83","11/1/2016      ","3"
"84","11/1/2016      ","9"
"85","11/1/2016      ","7"
"87","11/1/2016      ","3"
"88","11/1/2016      ","6"
"89","11/1/2016      ","8"
"90","11/1/2016      ","10"
"91","11/1/2016      ","6"
"92","11/1/2016      ","4"
"94","11/1/2016      ","3"
"95","11/1/2016      ","0"
"96","11/1/2016      ","5"
"97","11/1/2016      ","2"
"98","11/1/2016      ","3"
"100","11/1/2016      ","1"
"6","12/1/2016      ","0"
"7","12/1/2016      ","10"
"8","12/1/2016      ","6"
"9","12/1/2016      ","6"
"10","12/1/2016      ","4"
"11","12/1/2016      ","6"
"13","12/1/2016      ","5"
"14","12/1/2016      ","9"
"18","12/1/2016      ","4"
"19","12/1/2016      ","0"
"20","12/1/2016      ","8"
"21","12/1/2016      ","9"
"22","12/1/2016      ","5"
"23","12/1/2016      ","9"
"24","12/1/2016      ","3"
"25","12/1/2016      ","10"
"26","12/1/2016      ","2"
"27","12/1/2016      ","3"
"28","12/1/2016      ","7"
"29","12/1/2016      ","7"
"31","12/1/2016      ","5"
"32","12/1/2016      ","4"
"34","12/1/2016      ","0"
"35","12/1/2016      ","3"
"36","12/1/2016      ","2"
"37","12/1/2016      ","7"
"38","12/1/2016      ","3"
"39","12/1/2016      ","3"
"40","12/1/2016      ","7"
"42","12/1/2016      ","0"
"43","12/1/2016      ","6"
"44","12/1/2016      ","7"
"46","12/1/2016      ","7"
"47","12/1/2016      ","1"
"48","12/1/2016      ","2"
"49","12/1/2016      ","8"
"50","12/1/2016      ","3"
"51","12/1/2016      ","2"
"54","12/1/2016      ","6"
"55","12/1/2016      ","9"
"57","12/1/2016      ","4"
"58","12/1/2016      ","4"
"61","12/1/2016      ","8"
"62","12/1/2016      ","7"
"63","12/1/2016      ","1"
"64","12/1/2016      ","7"
"65","12/1/2016      ","0"
"66","12/1/2016      ","9"
"67","12/1/2016      ","5"
"68","12/1/2016      ","9"
"69","12/1/2016      ","9"
"70","12/1/2016      ","2"
"71","12/1/2016      ","10"
"73","12/1/2016      ","10"
"75","12/1/2016      ","6"
"76","12/1/2016      ","2"
"77","12/1/2016      ","6"
"78","12/1/2016      ","10"
"79","12/1/2016      ","2"
"80","12/1/2016      ","2"
"81","12/1/2016      ","8"
"82","12/1/2016      ","10"
"84","12/1/2016      ","4"
"85","12/1/2016      ","1"
"86","12/1/2016      ","6"
"87","12/1/2016      ","6"
"88","12/1/2016      ","5"
"89","12/1/2016      ","5"
"90","12/1/2016      ","6"
"91","12/1/2016      ","2"
"92","12/1/2016      ","1"
"94","12/1/2016      ","0"
"95","12/1/2016      ","5"
"97","12/1/2016      ","2"
"98","12/1/2016      ","8"
"99","12/1/2016      ","9"
"100","12/1/2016      ","2"
